{"abc": {"blood_pressure_sys": [{"value": 91.0, "date": "2026-01-07 15:55:31", "notes": "Bp was low from usual"}, {"value": 190.0, "date": "2026-01-07 15:56:33", "notes": ""}, {"value": 70.0, "date": "2026-01-07 15:56:45", "notes": ""}, {"value": 100.0, "date": "2026-01-07 15:56:55", "notes": ""}], "blood_pressure_dia": [{"value": 180.0, "date": "2026-01-07 15:56:05", "notes": "bp was high"}], "blood_sugar": [{"value": 45.0, "date": "2026-01-07 15:57:11", "notes": ""}, {"value": 55.0, "date": "2026-01-07 15:57:17", "notes": ""}, {"value": 81.0, "date": "2026-01-07 15:57:23", "notes": ""}]}}